rec_id, given_name, surname, street_number, address_1, address_2, suburb, postcode, state, date_of_birth, age, phone_number, soc_sec_id, blocking_number
rec-1-org,   isabella, weaver, 775, hooper crescent, cosy corner, rochester, 2330, , 19260418, 25, 03 54850091, 5132223, 9
rec-274-org,   kyle, matthews, 15, diamond street, altona, yarraman, 4118, vic, 19510925, 30, 02 92567122, 1897915, 3
rec-329-org,   madison, halley, 17, strutt place, mariner views, mount pleasant, 7011, , 19961231, 34, 02 43982886, 7730945, 8
rec-388-org,   mitchell, badger, 20, antill street, emu hill, glenbrook, 2750, vic, 19010910, 27, 04 56679296, 6963754, 9
rec-251-org,   elijah, barrett-woodbridge, 49, spensley place, ocean star villas, mosman, 6054, qld, 19450319, , 04 85831682, 5868380, 7
rec-190-org,   jayden, white, 131, phillip avenue, , toodyay, 3021, vic, 19851210, , 03 26626589, 5956709, 1
rec-319-org,   alexander, madigan, 21, duggan street, , auburn, 2259, vic, 19900709, , 08 04278842, 1225946, 3
rec-208-org,   chloe, aldous, 4, gilbert street, , wyee, 2902, nsw, 19000505, 27, 07 68432468, 6763156, 6
rec-256-org,   cameron, hawes, 152, undoolya street, the manor garden, hahndorf, 2530, , 19580611, , 04 38690300, 9812236, 0
rec-163-org,   , ebert, 260, brierly street, , bellawongarah, 2077, vic, 19940430, 38, 04 27329375, 8294235, 6
rec-405-org,   alana, campbell, 8, ulm street, , nowra, 0835, nsw, 19561215, 33, 08 57004071, 1422246, 4
rec-433-org,   thomas, fenwick, 126, dalabon crescent, wylarah, mermaid waters, 3040, wa, 19310530, 36, 08 38911523, 6434442, 2
rec-481-org,   nathan, godfrey, 10, , , hurstbridge, 2070, vic, 19310604, 32, 08 49067079, 1334559, 2
rec-18-org,   zac, lowe, 117, outtrim avenue, , berwick, 5172, nsw, 19450328, 30, 04 44917561, 5252246, 9
rec-91-org,   jackson, gallio, 62, winnecke street, townview, bittern, 4068, nsw, 19430204, , 04 83379717, 7144976, 7
rec-237-org,   ruby, gajda, 12, barnett close, , largs north, 2031, nsw, 19110524, , 08 86912032, 6360705, 3
rec-45-org,   brody, clarke, 13, kurundi place, , safety beach, 2114, tas, 19610930, 31, 08 29853515, 8399284, 8
rec-13-org,   sascha, penberthy, 33, fairbridge crescent, swainston, hoppers crossing, 2508, tas, 19170312, , 02 73820878, 3813354, 0
rec-28-org,   emiily, royle, 136, loftus street, , tulka, 3103, qld, 19420405, 33, 08 51127294, 1729696, 5
rec-139-org,   arabella, mason, 9, whiteside court, , maryborough, 5253, nsw, 19870127, 34, 03 56386415, 1604074, 1
rec-301-org,   dylan, hadaj, 1, wiburd street, , frankston, 4014, nsw, 19980531, 31, 08 96529378, 3244791, 2
rec-126-org,   annalise, crook, 16, smyth place, , mansfield, 3058, vic, 19800402, 31, 04 10535593, 2259344, 5
rec-61-org,   lauren, kozubiewicz, 94, mcclure street, rowethorpe, keysborough, 3099, nsw, 19520617, , 02 54123193, 6223954, 4
rec-161-org,   elijah, whiteley, 64, rogers street, little gundy, upper coomera, 2281, nsw, 19950618, 32, 08 10651291, 8835912, 5
rec-242-org,   , waller, 2, tullaroop street, blackduck valley, rye, 2834, , 19610108, 34, 03 26936662, 3548712, 2
rec-245-org,   marcus, green, 7, illingworth street, , frankston, 4519, nsw, 19860701, 34, 07 14871082, 8565936, 2
rec-216-org,   erin, ban, 14, folingsby street, weeroona, bunbury, 3163, vic, 19330714, 11, 07 88602226, 3865805, 7
rec-6-org,   jacqueline, gibb, 207, kriewaldt circuit, thurlimbah, coombabah, 2560, qld, 19550201, 32, 02 18728682, 4505079, 6
rec-316-org,   lucy, vincent, 5, , homevale, bargara, 7249, nsw, , 33, 07 98257993, 7040184, 0
rec-498-org,   emma, stephenson, 11, bradfield street, , kellyville, 7030, nsw, 19190422, 25, 07 97923678, 6889204, 0
rec-449-org,   cooper, clarke, 6, kangaroo court, , prospect, 4207, qld, 19160129, 19, 04 32436757, 8219504, 4
rec-478-org,   hayley, collier, 3, wakefield avenue, , sefton, 5606, wa, 19221110, 34, 07 37333183, 8670933, 4
rec-209-org,   jarod, maynard, 35, gurrang avenue, , goonellabah, 2285, nsw, 19671210, 25, 08 28386747, 6852851, 4
rec-69-org,   callum, paterson, 2, mayo street, , stirling north, 3156, wa, 19340305, 27, 03 24414124, 8036344, 0
rec-401-org,   jackson, snell, 1, florence fuller crescent, , campbelltown, 2088, vic, 19811117, , 08 36558052, 3500776, 8
rec-217-org,   , mazzone, 27, jabanungga avenue, , birkdale, 3840, , 19011106, 28, 04 03799007, 2530925, 1
rec-147-org,   harry, pulford, 22, edmondson street, , charlestown, 3122, vic, 19671124, 27, 04 51042446, 2472781, 9
rec-132-org,   georgia, ryan, 53, chubb street, , wangi wangi, 2330, wa, 19051205, , 03 20306021, 4894382, 1
rec-280-org,   holly, beelitz, 11, jacobs street, phillip lodge, anglesea, 2560, nsw, 19580621, 20, 02 39891722, 7557245, 3
rec-308-org,   tristan, david, 21, maxworthy street, riverland village, kilcoy, 3350, nsw, 19220516, , 03 09017974, 5226543, 8
rec-38-org,   brooklyn, beattie, 5, prisk place, fairholme, lake clarendon, 2220, nsw, 19540114, 9, 02 01139475, 5804842, 7
rec-427-org,   amber, weller, 5, brigalow street, smithfield house, bonbeach, 6123, nsw, 19340418, 30, 08 46469047, 5869751, 2
rec-296-org,   , montuori, 26, schomburgk street, parkway centre, aldinga beach, 3149, nsw, 19770724, 29, 04 19891973, 5156437, 4
rec-180-org,   carla, caine, 37, fossey street, alexandra racecourse, balhannah, 3300, nsw, 19750912, , 02 34355339, 6198193, 8
rec-270-org,   liam, white, 520, alexander mackie circuit, , old beach, 4152, vic, 19100522, 31, 07 35324713, 9768191, 5
rec-265-org,   jory, , 40, peppin place, , andrews, 5006, vic, 19440203, , 07 02205587, 6646235, 7
rec-74-org,   nicholas, gillkum, , ulm street, , humpty doo, 2611, qld, 19240210, 24, 03 50130829, 2898905, 5
rec-50-org,   bayden, hanna, 21, knox street, , shoalwater, 2260, nsw, 19321230, 23, 07 42696620, 7728106, 3
rec-23-org,   emma, minniecon, 32, kennedy street, , rowville, 3496, nsw, , , 04 66905753, 8998718, 9
rec-152-org,   caitlin, bloomfield, 25, braund place, ferndale, hawthorn, 2171, qld, 19400523, 24, 03 18616949, 4685357, 1
rec-442-org,   kylee, , 8, marlee place, , upper brookfield, 6620, wa, 19860320, 25, 02 29418292, 6169581, 8
rec-11-org,   amelia, farah, 323, ogilby crescent, , springwood, 6306, wa, , , , 8684844, 0
rec-193-org,   elki, webb, 5, murray crescent, , tennyson, 4697, wa, 19420113, 31, 04 79613308, 1884979, 4
rec-55-org,   andie, colquhoun, 53, ovens street, country house 5 milton park, aldgate, 3136, nsw, , 27, 03 28973665, 3594694, 2
rec-496-org,   alessandra, white, 37, ellenborough street, , berwick, 2444, tas, 19610603, , 02 54812256, 5052360, 3
rec-399-org,   natalia, varcoe, 14, , box-on, port pirie, 4670, sa, , 31, 02 22886030, 9164588, 3
rec-327-org,   aurora, biscoe, 359, reveley crescent, , corio, 3071, vic, 19580616, , 04 38320132, 3655293, 5
rec-9-org,   taliah, white, 29, mccubbin street, , aspley, 3068, sa, 19790705, 19, 07 06316209, 6420418, 1
rec-205-org,   zane, donnolley, 6, hargrave street, , clayton, 2903, vic, 19390827, 25, 02 18856262, 7271470, 3
rec-431-org,   madeline, eglinton, 9, harbison crescent, , beaudesert, 2168, qld, 19360320, 23, 03 93978515, 1438718, 4
rec-56-org,   oliver, coleman, 3672, kidman close, , stanhope gardens, 5038, wa, 19780423, 23, , 5339244, 5
rec-299-org,   kelsey, green, 94, wilson crescent, , mount eliza, 3629, sa, 19960518, 24, 03 21095076, 9612572, 0
rec-153-org,   jayden, mccarthy, 34, clift crescent, willaroo, south melbourne, 6333, sa, , 36, 07 72498041, 9763449, 0
rec-119-org,   harry, benger, 8, lawrence wackett crescent, sec 1102, mullumbimby, 2780, qld, 19880718, , 07 38253238, 1078238, 2
rec-246-org,   vianca, beattie, 20, garrick street, , lake heights, 4421, sa, 19190526, 23, 04 53966063, 8055256, 7
rec-122-org,   hugh, shadbolt, 42, kirkcaldie circuit, kiandra, nowra, 6157, nsw, 19950329, 30, 08 71864592, 1634624, 9
rec-215-org,   bethany, wardle, 20, carroll street, wai iti, woodbine, 6511, vic, , , 02 67838185, 5445447, 0
rec-76-org,   joshua, ryan, 34, mccubbin street, , broadwater, 4077, nsw, 19241025, 11, 04 34385580, 9461936, 6
rec-456-org,   briony, lyden, 14, edwards street, , murray bridge, 3194, qld, 19700223, 28, 07 30999662, 3116629, 8
rec-94-org,   jorja, goldsworthy, 49, menzies court, rosetta village, , 2061, sa, 19660522, 29, 07 36684498, 8895851, 5
rec-282-org,   mikaela, white, 50, crocker place, , beenleigh, 3496, nsw, 19221126, 25, 04 59639884, 6605823, 3
rec-7-org,   neve, wiseman, 26, wentcher place, , aspley, 2577, qld, 19610510, , 04 92612522, 5773941, 0
rec-302-org,   erin, czoloszynski, 122, darke street, , wahroonga, 6722, sa, 19800607, , 02 43851959, 6135988, 5
rec-253-org,   jared, clarke, 94, norrish place, , wentworth, 2151, nsw, 19800221, 22, 04 80509432, 9939751, 7
rec-77-org,   thomas, zenkteller, 14, henty street, fred lean hostel, erindale, 3181, qld, 19070116, , 07 77389077, 3354404, 9
rec-80-org,   jaimee, coleman, 131, burara crescent, , woodbridge, 2210, nsw, 19810909, 23, 02 33027485, 1293373, 9
rec-243-org,   larissa, thaxton, , anzac park, , pooraka, 4304, nsw, 19661205, 32, 03 60326030, 5444532, 8
rec-123-org,   samantha, almeida, 17, pasley place, murga ridge, mckinnon, 3047, vic, , 36, 04 75921360, 9793752, 0
rec-384-org,   isabella, steed, 3, warabin crescent, , tuart hill, 3088, wa, 19611212, 12, 04 48924416, 1601943, 0
rec-40-org,   william, dixon, 25, goodhart crescent, , bullsbrook, 2650, nsw, 19210607, 28, 03 69225577, 9627111, 7
rec-24-org,   zac, tellis, 146, longmore crescent, oyster farm, maryborough, 3021, qld, 19150312, 22, , 7264134, 6
rec-351-org,   georgia, bishop, 268, bazley street, sheep station, terrey hills, 2224, sa, 19400209, 22, 02 53611593, 5321578, 2
rec-73-org,   jasper, jesser, , tallara parkway, , cowra, 3224, qld, 19171022, , 07 32856877, 3349599, 6
rec-461-org,   maria, mccracken, 284, howitt street, ettalong beach village, strzelecki, 4814, nsw, , 27, 08 06722371, 8538458, 4
rec-469-org,   madison, selth, 4, holden crescent, longstay caravn park, lutwyche, 4030, qld, 19460714, 30, 03 41591279, 6575147, 9
rec-250-org,   jaiden, roebuck, , lofty close, murray river queen, swan view, 2142, vic, 19030607, 27, 03 29815764, 2498358, 3
rec-411-org,   joel, vincent, 5, hodgson crescent, , bullsbrook, 2680, vic, 19651107, 25, 02 70397083, 7231322, 7
rec-345-org,   marlee, liddy, 13, miranda place, kurramul, eaton, 3031, nsw, , 35, 08 82296587, 3210584, 9
rec-410-org,   jordyn, van galen, 17, shackleton circuit, wollartukkee, murray bridge, 5142, vic, 19270902, 22, 07 73811506, 1546499, 6
rec-164-org,   nicholas, coffey, 11, mcauliffe court, the willows, clifton springs, 4350, wa, , , , 7546401, 5
rec-228-org,   isabella, white, 248, strickland crescent, orchid square, el arish, 2795, wa, 19930506, 30, 02 52025483, 6055368, 5
rec-371-org,   noah, hyland, 96, ashley drive, wurrami, railway estate, 6020, vic, 19120619, 36, 07 46963012, 1279055, 7
rec-54-org,   jade, lathouras, 1, strangways street, , cooran, 3131, vic, 19100304, 8, 08 12186283, 8741363, 0
rec-222-org,   maya, , 427, venables place, , stratford, 3072, nt, 19880706, , 02 10573634, 3518853, 1
rec-185-org,   jack, green, 88, faucett street, abbatoir cottage, mannering park, 6030, nsw, 19140618, 32, 07 25229505, 4642674, 9
rec-326-org,   grace, bristow, 7, , wandella park snowy, cardiff, 6163, nsw, 19400120, , 07 37864073, 3535974, 2
rec-355-org,   jean-claude, newberry, 9999, goyder street, , greenacres, 7301, nsw, 19890803, 7, 07 11055789, 3013451, 9
rec-12-org,   mitchell, mcneill, 223, genoa street, , brighton, 3380, act, 19960125, 30, , 1502509, 0
rec-226-org,   riley, mildren, 408, blancoa place, , aspendale gardens, 6152, qld, 19980907, , 04 19503584, 3544260, 9
rec-117-org,   jordan, ivar, 29, serena place, , campbelltown, 4220, nsw, 19650623, 11, 04 23916871, 7886243, 2
rec-440-org,   calvin, eglinton, 29, , illawarra ret vill, brighton-le-sands, 3192, nsw, 19950205, 37, 03 51892658, 8055801, 4
rec-389-org,   kyle, rau, 90, goyder street, john paul nursing, frankston, 2090, qld, 19760117, 32, 04 73418689, 5796741, 7
rec-191-org,   caleb, clarke, 7, mirrabucca crescent, tarwyn park, tin can bay, 3095, wa, 19270608, 25, 07 83695118, 4863561, 6
rec-292-org,   jamie, robson, 28, ashkanasy crescent, , crestmead, 2640, nsw, , 13, 02 47331254, 7452371, 5
rec-262-org,   dante, mcphail, 164, buik place, , picnic point, 2141, sa, 19551031, , 04 27457141, 1994754, 3
rec-201-org,   james, hazell, 147, jaques place, albion, pymble, 4868, nsw, 19911114, , 08 38772029, 8065843, 4
rec-62-org,   shane, shepherd, 12, jim pike avenue, brentwood vlge, rochedale south, 2325, qld, , 30, 07 48247036, 7707679, 4
rec-179-org,   isabella, comacchio, 69, banambila street, eastfield orchards, st albans, 2756, nsw, 19250407, , 02 17023380, 9582921, 0
rec-425-org,   karli, campbell, 21, greenvale street, , cooloongup, 2380, sa, 19491203, 27, 07 34322087, 2948198, 5
rec-5-org,   portia, thorpe, 78, marsden street, , ringwood, 2010, nsw, 19981202, , 08 72516621, 8855462, 4
rec-135-org,   jacqueline, webb, 14, postle circuit, flr 5 john flynn medical centre, woodville north, 3205, , 19151103, 26, 02 36260482, 8878529, 1
rec-439-org,   , mandry, 27, jardine street, , toowong, 4556, , 19410515, 30, 04 96660584, 1500547, 9
rec-453-org,   alexander, moody, 11, degraves crescent, sect 12, giralang, 3690, qld, 19981010, 27, 07 10013575, 5267176, 6
rec-66-org,   ella, campain, 135, canopus crescent, , st kilda, 2641, wa, 19671118, 39, 07 95206120, 3417835, 5
rec-311-org,   teneille, doy, 1551, amagula avenue, , balwyn north, 3658, qld, 19380302, 34, 03 86309393, 7224552, 2
rec-202-org,   michael, collinson, 6, beaurepaire crescent, , lismore, 2620, sa, 19140619, 39, 02 06007737, 3648231, 5
rec-485-org,   alex, wardle, 54, crozier circuit, keriroca, orange, 5112, nsw, 19821026, 32, 04 47634171, 5044139, 0
rec-266-org,   jacqueline, cookson, 440, noarlunga crescent, pinelea, abergowrie, 4380, nsw, 19710111, 23, 08 22882204, 9852040, 0
rec-223-org,   madison, green, 176, mcnicoll street, lindisfarme, lake haven, 4215, qld, 19000218, 35, 02 17329777, 6177767, 3
rec-422-org,   georgia, ottewell, 43, gosse street, wyuna, cooktown, 3174, vic, 19890530, 23, 03 73503630, 2628321, 1
rec-187-org,   lachlan, wasley, 34, clarke street, legacy vlge, burnside, 3170, vic, 19691228, 27, 08 10763287, 1713701, 2
rec-150-org,   stephen, matthews, 55, parfitt crescent, , lysterfield, 3182, tas, 19930201, 35, 08 73576885, 8468000, 5
rec-271-org,   liam, winfield, 16, southern cross drive, marretah, carlingford, 3199, vic, 19531219, 34, 07 29497895, 6816049, 6
rec-71-org,   dimitri, wapper, 11, moss street, , , 2913, nsw, 19120906, 30, 07 56398298, 8115409, 2
rec-200-org,   joshua, ryan, , stanfield close, , charmhaven, 6102, qld, 19341103, 39, 07 35336402, 7040598, 9
rec-273-org,   sophie, , 4, dawar place, , ballarat, 7006, nsw, 19460123, 23, 03 02741181, 3770844, 5
rec-423-org,   mitchell, killin, 22, currong street, nyngan, palm island, 3182, qld, 19040213, 39, 02 57548769, 3130908, 4
rec-220-org,   luke, clarke, 5, tanner place, the bowery, pearcedale, 2443, act, 19910505, 30, 02 33667470, 1133300, 8
rec-279-org,   amber, nguyen, 20, mcconnel crescent, wanderers rest, williamstown, 3564, qld, 19530504, 37, 02 73870186, 5727397, 0
rec-244-org,   blake, ryan, 12, collingridge street, , witchcliffe, 3095, qld, 19581106, 33, 08 73163201, 2690302, 1
rec-148-org,   erin, white, 1, marawa place, , seven hills, 2330, nsw, 19471126, , 02 19887663, 7403374, 9
rec-140-org,   connor, callahan, 11, dumas street, , murray island, 4061, qld, 19140107, 35, 08 68243339, 2422855, 3
rec-334-org,   danika, vincent, 480, elimatta street, west park, longreach, 2913, vic, , 27, 08 00460465, 6522782, 7
rec-127-org,   caresse, harbottle, 13, bromell circuit, , westmead, 4814, act, , 22, 08 76116927, 5569177, 9
rec-0-org,   jessica, trimmer, 18, chewings street, , blackmans bay, 2263, nsw, 19990910, 21, 03 81369174, 2839503, 0
rec-460-org,   mikayla, pribac, 15, macedon crescent, , wellington point, 2340, nsw, 19350808, 32, 07 29933012, 6834259, 1
rec-111-org,   oliver, finlay, 14, barritt street, anukana, portarlington, 6025, nsw, 19180904, 26, , 3852417, 1
rec-352-org,   matilda, colquhoun, 14, joske place, kyeema vineyard, newstead, 3078, qld, 19910611, 11, 08 36509170, 9990722, 4
rec-171-org,   amy, bowerman, 51, woolner circuit, , prospect, 4215, vic, 19050516, 21, 08 84349673, 3868578, 9
rec-84-org,   , cicchini, 28, gledden street, golambio cottage, leichhardt, 6168, nsw, 19220119, 27, 07 54195886, 8952691, 1
rec-275-org,   james, moody, 46, mainwaring rich circuit, , concord, 2076, nsw, 19060829, 23, 08 26892643, 4299566, 9
rec-309-org,   timothy, weaver, 206, meredith circuit, magellan, south turramurra, 4132, qld, 19570305, 27, 08 94744025, 8069404, 1
rec-36-org,   jake, nguyen, 2, gouger street, st johnof god hospital, bayswater, 6149, , 19081008, 34, 08 63780507, 3185364, 2
rec-475-org,   jack, roche, 195, gormanston crescent, northwest medical centre, the narrows, 4870, qld, 19760309, , 08 30647528, 9806746, 6
rec-312-org,   dimitri, eyre, 3, snowball place, elston, bayswater, 3525, wa, 19810831, 28, 08 20330122, 9158403, 9
rec-443-org,   jaykob, ryan, 1, phillip avenue, st francis vlge, taree, 2256, nsw, 19651127, 20, 03 58992057, 4214072, 3
rec-297-org,   shelby, holme, 58, smyth place, , bayswater, 2256, vic, 19510620, 32, , 4832388, 8
rec-156-org,   jack, coleman, 15, magrath crescent, lindenleigh, centennial park, 5082, , 19100210, 22, 03 67995231, 9421353, 7
rec-420-org,   sean, averkin, 4, clemenger street, , castlemaine, 2528, nsw, 19250316, 32, 02 09006985, 7659685, 7
rec-128-org,   mhary, gillis, 16, warrumbul street, , ardeer, 2153, , 19240620, 26, 02 50546191, 1842713, 8
rec-390-org,   joshua, laing, 6, , , dulwich hill, 4053, vic, 19860307, 31, 02 79703968, 1624307, 6
rec-272-org,   julia, reid, 950, currie crescent, the mount, monegeetta, 3561, nsw, 19371112, 28, , 1608089, 9
rec-259-org,   sarah, rundle, 58, cheeke place, , gray, 4163, qld, 19620911, 13, 03 90104684, 7653372, 0
rec-199-org,   dylan, de boar, 42, sturt avenue, lazy acres, seaton, 4816, nsw, 19770210, 28, 08 49708226, 3868126, 4
rec-58-org,   jessica, george, 7, knox street, oaklands village, bridgewater, 4078, nsw, 19701028, 26, 04 26204690, 9174474, 3
rec-281-org,   zac, carmody, , bellinger circuit, , nowra, 5045, qld, 19840423, 20, 08 82676793, 5777249, 3
rec-110-org,   lewis, white, 26, schlich street, vivigani, beecroft, 2034, sa, 19031207, 31, 04 31682128, 6646636, 1
rec-112-org,   charlotte, newey, 15, dittmer place, , pelican waters, 4011, nsw, 19710210, 37, 02 14755500, 2037390, 7
rec-276-org,   molly, priest, 31, charlotte street, , woodcroft, 6110, wa, 19600920, 38, 07 17645032, 5502603, 5
rec-170-org,   nicholas, dudgeon, 117, beagle street, yarrabin, kilmore, 3185, nsw, 19240202, 27, 03 10893085, 1391167, 0
rec-324-org,   georgia, ryan, 86, wagga street, thorndale, lalor, 2534, nsw, 19550818, , 02 83748244, 4945403, 5
rec-173-org,   koben, waller, 3, sambell place, noosa village shopping centre, adamstown heights, 3153, vic, 19871103, 30, 07 02884633, 1877266, 7
rec-396-org,   jye, condo, 7, forbes street, st francis vlge, carina heights, 4814, vic, 19400319, 31, 04 12572427, 3703293, 1
rec-322-org,   jackson, lock, 43, twamley crescent, rp 1127, budgewoi, 3081, nsw, 19840110, 28, 08 00349538, 3876174, 4
rec-477-org,   griffin, thorpe, 7, whatmore court, the spur, dapto, 5125, sa, 19610424, 30, 08 38763087, 5148215, 7
rec-278-org,   shaun, finlay, 55, coles place, , hamilton, 2036, vic, 19830912, 34, 07 89431023, 5728008, 1
rec-34-org,   william, myles, 37, duffy street, santa lucille, raglan, 2615, qld, , 34, 02 81952152, 2768913, 5
rec-393-org,   dante, webb, 35, darwinia terrace, longstay park, bull creek, 2250, wa, 19201114, , 03 06156673, 2292415, 9
rec-118-org,   clain, white, 393, burkitt street, , north ryde, 5051, vic, , 30, 02 23310629, 8576981, 6
rec-454-org,   jasmine, siggins, 34, pigdon place, , tahmoor, 3150, qld, 19590103, 31, 07 06333881, 9447758, 2
rec-287-org,   ella, campbell, 620, warring place, parkridge villa, nedlands, 6018, wa, 19930622, 33, 04 58597348, 3491951, 7
rec-207-org,   thomas, blake, 41, gundara street, , wangaratta, 5032, nsw, 19130204, 12, 02 21361318, 8653855, 2
rec-98-org,   april, rekkas, 2, gellibrand street, jewells medical centre, bondi junction, 2094, nsw, 19650308, , 04 76260718, 4046693, 4
rec-196-org,   michael, willering, 19, dalyell street, , port macquarie, 2567, nsw, 19100416, 27, 07 66008939, 8076926, 6
rec-92-org,   angus, herbert, 101, dryandra street, , rowville, 3101, qld, , 30, 07 60127571, 2642312, 5
rec-263-org,   zachary, eyles, 11, rich street, , port macquarie, 2251, sa, 19960109, , 07 55088130, 4875838, 9
rec-341-org,   samuel, mccarthy, 19, tinderry circuit, , numeralla, 4221, nsw, 19261206, 21, 07 08237132, 4111953, 8
rec-59-org,   makenzi, matthews, 11, halford crescent, myrtle point, mirrabooka, 4215, sa, 19910802, 24, 04 93740580, 5730294, 1
rec-136-org,   hannah, campbell, 36, bowley place, , auburn, 2049, vic, 19461005, 35, 08 03297498, 1977120, 2
rec-17-org,   jamie, stanbury, 51, hargrave street, , pyalong, 4121, , , , 04 22737697, 9310971, 8
rec-357-org,   joel, wilkins, 38, barlow street, , springvale south, 3199, nsw, 19380219, 35, 04 28617209, 8841611, 0
rec-211-org,   kailey, moody, 41, forbes street, , ashfield, 3030, qld, 19710523, 30, 04 67354878, 1364240, 6
rec-51-org,   ruby, riding, 40, parkhill street, , tarragindi, 7315, tas, 19771108, , 07 38378823, 2915432, 0
rec-347-org,   makenzi, matthews, 4, windradyne street, , frankston, 2122, qld, 19201230, , 08 14995923, 4499836, 1
rec-236-org,   bryce, wingate, 53, yambina crescent, , hazelbrook, 2540, vic, 19491103, 31, 07 22072524, 8793221, 6
rec-172-org,   kale, thredgold, 90, kulgera street, , ashwood, 4078, nsw, 19330302, 33, 03 06132466, 4746278, 9
rec-344-org,   samantha, pignalosa, 24, macquarie street, , alfords point, 6258, sa, 19530309, 8, 04 16806367, 7362935, 1
rec-143-org,   schkirra, sariago, 28, , , morwell, 2354, qld, 19730711, 8, 08 01006976, 6405956, 0
rec-33-org,   ethan, green, 34, keverstone circuit, , matraville, 2208, qld, , 4, 03 82562697, 6354996, 0
rec-46-org,   liam, thorpe, 5, carbeen street, kerradan, albion park, 2233, vic, 19630615, , 08 34136631, 4210990, 2
rec-39-org,   samuel, crossman, 7, castleton crescent, march rising, shoalhaven heads, 2537, qld, 19300912, 28, 08 24400808, 1548649, 9
rec-269-org,   connor, cooper-heeney, 82, macgregor street, pepin, jandowae, 7248, nsw, 19240613, 24, 03 73673209, 3058534, 2
rec-227-org,   benjamin, kilham, 5, gibb place, , brookdale, 4030, qld, 19480114, 35, 04 10744606, 7372171, 8
rec-158-org,   benjamin, rollins, 8, biffin street, , pampas downs, 3108, vic, 19900415, 33, 07 27022202, 5255850, 2
rec-307-org,   christian, spears, 7, ern florence crescent, grass trees, melville, 6157, vic, 19471228, 30, 08 85208871, 4435739, 6
rec-403-org,   stirling, noble, 2, torrens street, amble side garden, koroit, 4210, wa, 19111112, , 07 96524016, 6965210, 8
rec-333-org,   , egan, 16, ankaa place, brentwood vlge, ardlethan, 3046, sa, 19450705, 32, , 4661058, 2
rec-293-org,   jacinta, webb, 109, moncrieff street, , highton, 2879, vic, 19330515, , 07 69552839, 7505262, 9
rec-424-org,   daniel, matthews, 338, marr street, nazareth village, kawungan, 3151, nsw, 19630718, 30, 03 56415862, 4894856, 0
rec-325-org,   evan, harrington, 1, renwick street, , beaumont, 3315, qld, 19891010, 26, , 9596170, 6
rec-176-org,   philip, clarke, 79, barr place, acacia house, loganholme, 2171, qld, 19410301, 27, 08 82287637, 2371966, 4
rec-155-org,   alexandra, artis, 6, monaro crescent, , elwood, 6167, vic, 19901010, 32, 02 86670619, 9928942, 4
rec-32-org,   , juric, 60, chermside street, , alice springs, 3087, , 19820204, 7, 02 20468666, 3241036, 5
rec-436-org,   luke, schuster, 7, mcfarlan place, , flora hill, 3172, , 19770111, 33, 02 84446425, 7749784, 9
rec-290-org,   hayley, reid, 264, marr street, villa 3, inglewood, 3463, sa, 19360527, 27, 08 84150133, 7326510, 1
rec-229-org,   catherine, struck, 569, kambalda crescent, , hoppers crossing, 3168, nsw, 19920406, 36, 08 30854149, 4019283, 9
rec-438-org,   kenneth, whiteley, 27, nulsen circuit, ramano estate locn 1, somers, 2164, qld, 19010508, 31, 08 81019127, 9946158, 9
rec-488-org,   richard, martinovic, , amos place, centenary marketplace, wattle park, 5039, nsw, 19000712, , 07 77957574, 6572573, 4
rec-64-org,   luke, petersen, 68, boolimba crescent, , beaudesert, 3038, tas, 19230510, 33, 07 18405561, 1698443, 7
rec-444-org,   rachel, vitarana, 108, darrington crescent, sorrento, thornleigh, 5172, nsw, 19220721, 35, 08 85495815, 7578278, 9
rec-318-org,   kade, gruener, 15, stobie place, , proserpine, 4068, qld, 19261114, 29, 08 24844023, 3759865, 0
rec-182-org,   joshua, egan, 11, torrens street, kalinda park, berwick, 2233, vic, 19700424, 26, 08 05181496, 2750539, 8
rec-177-org,   paris, cresp, 27, la perouse street, flr 5 john flynn medical centre, laurieton, 3214, , 19510828, 19, 02 80648815, 5430759, 1
rec-346-org,   corey, ivers, 336, william street, , harbord, 4816, nsw, 19930619, 24, 04 14162208, 4909429, 1
rec-378-org,   ava, dicaterina, 13, bunbury street, , corowa, 4205, vic, 19951205, 30, 08 51282112, 4333005, 9
rec-65-org,   emiily, simmonds, 7, balwyn drive, , rose bay, 4220, sa, 19731001, , 08 11551714, 2286649, 0
rec-67-org,   amalia, priest, 1, melrose drive, polynesian village, auburn, 5032, nsw, 19900320, 26, 02 80944927, 3449045, 2
rec-131-org,   jordan, delloste, 39, mackay crescent, , goodna, 2290, qld, 19610510, 11, 03 78968959, 8062116, 3
rec-416-org,   ka, teague, 16, currong street, , hamilton, 0870, wa, 19651113, 30, 07 55744975, 8780679, 0
rec-368-org,   , berry, 11, hilder street, bell place (cnr bell r road, ivanhoe, 6153, nsw, 19190614, 26, 07 43353850, 1711007, 4
rec-218-org,   danika, lowe, 111, lakeview house tuggeranong town centre, , atherton, 2040, , 19161229, 35, 02 90406638, 6553602, 4
rec-214-org,   liana, coleman, 7, mawson drive, , casula, 4567, vic, 19421219, 7, 03 44977531, 4662384, 1
rec-480-org,   helena, michelmore, 3, stephen street, , merrimac, 3125, vic, 19310218, 30, 02 10324959, 4384091, 3
rec-400-org,   kylee, campbell, 36, rosenthal street, moonby downs, mount pleasant, 6054, nsw, 19300426, 31, 03 64020135, 4069985, 3
rec-437-org,   alia, knapman, 191, ebenezer street, medical centre, westlake, 4817, nsw, 19260106, 27, 07 65189895, 3241783, 9
rec-72-org,   nathan, hanna, 34, robinson street, , , 2526, vic, 19541106, , 08 78860526, 1862673, 1
rec-462-org,   april, poljansek, 5, scott street, , carlingford, 4122, qld, 19960507, 29, 02 38717504, 2764189, 4
rec-151-org,   quinn, ang, , mainwaring rich circuit, , mayfield, 3165, nsw, , , 07 95192784, 3023255, 9
rec-321-org,   kyle, green, 41, reveley crescent, cooroora, rowville, 6148, nsw, 19040815, 26, 08 35509084, 9536061, 8
rec-31-org,   alysha, iskra, 12, dowthwaite street, , corrimal, 6312, wa, , 35, 04 98218541, 3396878, 3
rec-165-org,   ronan, reid, 95, jabanungga avenue, , edensor park, 2250, nsw, 19320710, 27, 02 75669192, 3561454, 1
rec-37-org,   jai, minh, 9, fewtrell place, , wilson, 3201, vic, 19270827, 36, 02 94212541, 1331267, 1
rec-294-org,   sebastian, matthews, 82, kennedy street, , newborough, 4507, vic, 19150216, 23, 02 01826487, 9866461, 6
rec-145-org,   zac, scantlebury, 9, britten-jones drive, corra-lynn, mill park, 4211, nsw, 19990113, 10, 08 59563960, 4559538, 3
rec-402-org,   charlotte, librandi, 5, hobby place, , coodanup, 5046, nsw, 19040722, 25, 07 16411398, 6915704, 5
rec-186-org,   katelin, mcgurk, 171, namadgi circuit, , wyoming, 2529, sa, 19740827, 13, 07 95866555, 3189726, 6
rec-452-org,   sarah, white, 4, duffy street, , cranbourne, 4019, vic, , 37, 03 90604551, 5705894, 8
rec-240-org,   emiily, hamon, 28, goossens place, , chester hill, , tas, 19580207, 20, 04 87609661, 3532725, 1
rec-166-org,   callum, ligas, 405, moncrieff street, , cooroy, 2850, vic, , 36, 03 99919595, 2025212, 5
rec-169-org,   madison, broadby, 27, namadgi circuit, , floreat, 4301, qld, 19970722, , 03 61344577, 2153352, 4
rec-339-org,   , kahnert, 15, evella court, , plympton south, 4112, vic, , 36, 08 87763778, 8652215, 0
rec-426-org,   samantha, wardle, 283, beasley street, , macquarie fields, 4030, , 19750728, 35, 08 77808107, 9403551, 8
rec-264-org,   sybella, bastin, 7, traeger street, camelot est, maida vale, 2865, wa, 19271025, 34, 08 51110116, 4838065, 4
rec-121-org,   mackenzie, white, 103, hodgson crescent, , mulwala, 2229, vic, 19291117, 30, 02 03907413, 7699360, 3
rec-428-org,   hannah, broadby, 19, weld street, evergreen, bossley park, 3029, qld, 19351027, 30, 02 00317253, 1905463, 1
rec-320-org,   melissa, burford, 90, currey street, , mount elliot, 3181, nsw, 19150125, 27, 07 70427774, 2762281, 4
rec-394-org,   natalia, thorpe, 32, warragamba avenue, , sutton forest, 2073, nt, 19560627, 30, 02 96129871, 9152962, 0
rec-463-org,   lucy, benjamin, 40, english court, , oakleigh, 2154, , 19490726, 37, 07 64058967, 5985302, 7
rec-93-org,   jackson, kavouklis, 1, quick street, , flinders park, 6054, sa, 19900815, 28, 02 57667899, 9950422, 7
rec-277-org,   katelyn, reid, 8, gratwick street, dockside marina b, eastwood, 4371, nsw, 19800714, , 07 53410962, 4983134, 2
rec-406-org,   emiily, wang, 10, , adelaide, rankin park, 2778, nsw, 19830326, , 04 44570566, 5699889, 6
rec-249-org,   oscar, ho, 123, gurrang avenue, , ashfield, 4032, vic, 19531222, , , 4381744, 2
rec-363-org,   brooklyn, plane, 11, biffin street, , coffs harbour, 6220, nsw, , 28, 04 11009383, 9850538, 5
rec-96-org,   emiily, mccarthy, 234, gluyas street, , roselands, 6056, nsw, 19311011, 38, 04 20348328, 7635568, 0
rec-235-org,   gabrielle, maczkowiack, 1, aspinall street, , kingsford, 2621, nsw, 19620227, 21, 08 51675843, 9583475, 5
rec-103-org,   harrison, damhuis, 1, st john crescent, , meadow springs, 5608, qld, 19200522, 29, 07 92990801, 9186835, 1
rec-206-org,   chelsea, mathe, 61, horton close, , kingsford, 5604, qld, , 33, 08 87154218, 3831834, 8
rec-234-org,   gregory, white, 28, chalker circuit, , minto, 2827, qld, 19490413, 26, 07 09139687, 4967756, 5
rec-49-org,   zoe, bishop, 42, mcgowan place, , kincumber, 4740, nsw, 19290805, , 02 97433775, 4924876, 3
rec-391-org,   devan, whillas, 12, kambalda crescent, , raymond terrace, 6112, nsw, 19430114, 30, 03 91493512, 2676979, 6
rec-306-org,   liam, gundogeu, 26, stretton crescent, bonnie vale, glenwood, 3127, wa, 19670930, 22, 04 71192520, 3600012, 7
rec-175-org,   samantha, badman, 24, grainger circuit, glencot, nannup, 2323, , 19290114, 24, , 5089291, 9
rec-381-org,   drew, lowe, 51, carroll street, , yarrawonga, 6012, nsw, 19401012, 22, 04 08382854, 8163769, 1
rec-404-org,   robbie, kowtun, 10, tucana street, , sefton, 3012, vic, 19771028, 30, 04 10312758, 8032479, 6
rec-268-org,   alexander, colegate, 20, tanumbirini street, , merbein south, 4032, vic, 19150507, 34, 04 51564604, 2765405, 0
rec-379-org,   logan, kaplan, 123, , , ashgrove, 4878, qld, 19770324, 29, 04 75781186, 4623405, 7
rec-288-org,   harry, daymond, , waratah street, , wendouree, 2261, vic, 19290520, 7, 08 02388878, 1676466, 4
rec-100-org,   claire, mcclelland, 2, emerton street, kendor, noble park, 2257, vic, 19110620, 33, 03 01349890, 8444147, 0
rec-53-org,   rachel, beattie, 16, bunton place, calimna, dianella, 6208, vic, 19950716, , 02 69051166, 6109048, 5
rec-134-org,   william, gowling, 5, wangara street, , tuart hill, 3156, nsw, 19750227, 31, 08 39073722, 6680315, 8
rec-149-org,   , matthews, 12, leahy close, , canterbury, 2041, vic, 19700106, 34, 02 59864458, 2447874, 2
rec-120-org,   joel, farnham, 30, alfred hill drive, , bundaberg east, 2116, , 19440210, 11, 04 77025527, 1481678, 1
rec-20-org,   , gayda, 179, davis street, , alligator creek, 3550, nsw, 19730911, , 02 92209407, 8282936, 3
rec-317-org,   , grainger, 102, scrivener street, kippilaw, cleveland, 5700, vic, 19831020, 24, 04 45332668, 3860285, 5
rec-395-org,   kate, dibben, 2, becke place, rosedale, tweed heads, 6164, vic, 19641222, , 08 85483855, 4725822, 2
rec-353-org,   caleb, blake, 176, hawkesbury crescent, guyangal, greendale, 4074, , 19281013, 24, 03 69534972, 1727976, 1
rec-486-org,   liam, le lievre, 9, caley crescent, , lutwyche, 3579, , 19420701, 22, 04 89239950, 7106996, 2
rec-52-org,   holly, dixon, 6, vincent place, , bullsbrook, 2117, nsw, 19870308, , 02 21777228, 4753276, 8
rec-97-org,   lucas, thorpe, 46, kosciusko avenue, rowethorpe, midway point, 4812, vic, 19000507, 33, 04 86370947, 3674312, 3
rec-382-org,   ruby, coppock, 3, chave street, , werrington, 4280, nsw, 19080827, , 04 60668795, 8253323, 8
rec-298-org,   scott, finlay, 6, swinden street, , brighton-le-sands, 2747, , 19891007, 25, 07 98446122, 2004959, 8
rec-415-org,   catherine, wynne, 133, embling street, , ballan, 2021, nsw, 19890521, 27, 03 61309414, 9195083, 1
rec-167-org,   jasmine, browne, 6, eggleston crescent, unt 2, myrtleford, 4152, sa, 19870716, 10, 07 87502304, 1436102, 6
rec-372-org,   ridley, southwood, 30, arid place, , woy woy, 3131, qld, 19981021, 35, 07 34878646, 4984072, 6
rec-29-org,   harry, whiteway, 5, glenmaggie street, the side, wyoming, 2480, nsw, 19551029, 28, 04 57956893, 9359814, 9
rec-491-org,   connor, shepherd, 53, theodore street, scout camp, floreat, 3109, wa, 19190827, 35, 08 51972143, 4997311, 5
rec-113-org,   matthew, ponias, 43, medley street, , boondall, 3194, nsw, 19750212, 35, 04 95940407, 5215109, 2
rec-413-org,   sophie, ryan, , bourchier close, , lavington, 4008, nsw, 19990408, 30, 03 59069733, 7420270, 3
rec-473-org,   hannah, lowe, 3, graham street, malbooma, shoalwater, 2460, vic, 19401010, 24, 02 69822815, 3446448, 0
rec-4-org,   alisa, wraight, 7, syme crescent, , vermont, 2113, wa, 19840523, 28, 08 78525981, 6116478, 5
rec-328-org,   kyah, pojsl, 2, lascelles circuit, , kingsford, 2480, nsw, 19020317, 31, 04 09515506, 1238610, 3
rec-108-org,   caleb, snell, 11, rosella street, wallaces ck, rochester, 2828, sa, 19560319, 23, 08 31000197, 1333569, 9
rec-106-org,   carly, crosswell, 182, tullaroop street, , , 3127, qld, 19741022, 36, 08 94320439, 6534545, 5
rec-26-org,   luke, seddon, 16, watson street, , greensborough, 4817, nsw, , 25, 02 63387976, 9464239, 8
rec-144-org,   angie, bui-kensington, 37, nemarang crescent, , parramatta, 4670, nsw, 19581225, 32, 03 23965919, 3515659, 2
rec-330-org,   xani, ottens, 322, nulsen circuit, , thirroul, 4551, vic, 19941115, 23, 04 75489768, 4879975, 4
rec-471-org,   amy, thredgold, 4, fred lane crescent, , orange, 4883, wa, 19251123, 27, 04 68134483, 5903517, 4
rec-197-org,   finn, camp, 10, notting court, , floreat, 7260, vic, 19890928, , 02 18681054, 6936223, 4
rec-455-org,   darcy, beadle, 280, dyett circuit, the mews royal hotel bldg, coffs harbour, 2650, vic, 19440422, , 02 87511953, 4391794, 1
rec-283-org,   joshua, van meer, 1, barnard circuit, , yarraville, 2750, vic, 19791201, 39, 08 78514631, 8908531, 8
rec-466-org,   oliver, chandler, 23, berwick place, inglemer, mount gravatt, 2261, tas, 19090905, 31, 04 48178609, 2566355, 7
rec-159-org,   nicholas, reid, 8, miles place, , mitcham, 2478, nsw, 19970119, , 02 88803668, 9761709, 9
rec-291-org,   thomas, gillard, 4, rischbieth crescent, villa 5, modbury heights, 2650, nsw, 19121028, 23, 08 76091590, 2257486, 6
rec-285-org,   chantelle, papageorgiou, 16, mcmahon court, , windsor, 2340, sa, 19971212, 37, 07 73564836, 6759236, 1
rec-492-org,   pino, ebert, 43, badimara street, , kialla, 2030, qld, 19610429, , 07 79605423, 1320301, 8
rec-387-org,   connor, green, 2, barlee place, , salisbury east, 4020, qld, 19540408, 28, 04 16876501, 5830625, 4
rec-85-org,   erin, malin, 2, currong street, , jan juc, 3066, vic, 19660425, 29, 03 08921295, 7924137, 3
rec-447-org,   ruby, , 14, renmark street, the willows, noble park, 7310, nsw, 19200210, , 07 04669791, 4769635, 0
rec-189-org,   flynn, dokas, 44, lawes place, yakatoon, dimboola, 3147, qld, 19320718, 41, 08 43081740, 1658493, 5
rec-225-org,   zane, la roche, 19, village centre, nazareth village, woodcroft, 4064, qld, 19920921, 29, 03 19120709, 4483829, 0
rec-284-org,   gracie, korth, 139, barrallier street, rosedale, katherine, 5290, , 19870811, , 07 63203375, 8044775, 6
rec-489-org,   blaize, chandler, 40, rylah crescent, bletchly park, golden grove, 4352, tas, 19400905, 28, 02 04136174, 3541794, 0
rec-366-org,   alexander, mcgregor, 69, toohey place, como, ryde, 4352, nsw, 19250920, 29, 03 35422082, 2411393, 9
rec-464-org,   lachlan, laing, 10, william webb drive, , wyee, 3109, qld, 19001122, 29, 07 92839579, 8886613, 3
rec-374-org,   nell, flannery, 1141, bingara place, , lake gardens, 3039, nsw, 19090321, 27, 04 47162898, 7956211, 9
rec-370-org,   alana, paine, 62, , , nicholls, 3821, qld, 19130421, 12, 08 29055323, 8636055, 4
rec-300-org,   jorja, , 57, , appleglen, willetton, 6168, vic, , 13, 02 61511356, 7825832, 2
rec-78-org,   ethan, ottens, 316, merrit place, , snowtown, 6019, qld, 19571024, , 04 80412148, 3568492, 5
rec-457-org,   sarah, morrison, 4, elizabeth crescent, , melton south, 3194, wa, 19740502, 23, 04 41026510, 7258258, 1
rec-494-org,   luca, robson, 17, grant crescent, sec 1 hd molineux, marsfield, 2528, vic, 19890220, 20, 07 90072356, 2863297, 2
rec-188-org,   natalia, , 18, clarke street, wyuna, belmont, 3136, nsw, 19860304, 33, 02 23976836, 4851564, 2
rec-421-org,   samuel, dixon, 15, forbes street, roseleigh farms, picton, 2147, nsw, 19250506, 26, 04 47491504, 1134751, 5
rec-47-org,   kristen, dietrich, 253, manning street, , sheffield, 2750, vic, 19091118, 34, 02 08196618, 4148541, 6
rec-89-org,   hannah, mason, 51, daintree crescent, , laurieton, 6055, act, , 31, 03 97791524, 4296301, 4
rec-181-org,   breeanne, kerkham, 1, irvine street, , castlecrag, 3030, qld, 19170124, 26, 08 73545359, 7575012, 9
rec-499-org,   joanna, jermolajew, 1, brinsmead street, , corio, 2540, vic, 19691018, , 04 67638332, 3132874, 8
rec-105-org,   miranda, vanschieveen, , newton street, , mill park, 2500, vic, 19670205, 34, 02 97148811, 5751899, 7
rec-87-org,   william, grubb, 2, william hudson crescent, , woongarrah, 5016, nsw, 19580729, , 07 34969216, 5278551, 5
rec-129-org,   annabelle, boxer, 22, gidja place, riverside hme park, theodore, 4305, vic, 19930701, 36, 07 69472830, 7905164, 2
rec-224-org,   bailey, kovacic, 71, clermont street, ramleigh collington, safety bay, 4011, vic, 19240408, 34, , 4408584, 1
rec-383-org,   chloe, hyland, 11, jerrabomberra avenue, penny green, robertson, 4214, qld, , 21, 04 25161089, 3971910, 8
rec-30-org,   cameron, reid, 46, dougharty place, , dolls point, 5051, wa, 19850526, 25, 02 10406513, 4093974, 7
rec-303-org,   robert, miles, 38, vonwiller crescent, fernbank, blacktown, 2830, nsw, 19780216, 26, 07 88538868, 2586131, 2
rec-82-org,   charlie, haskett, 133, dryandra street, , broadford, 2077, act, 19141115, 23, 04 77554959, 7809932, 1
rec-68-org,   , mcgregor, 18, molineaux place, montrose, wendouree, 4120, vic, 19851114, 20, 04 22919534, 6060039, 2
rec-408-org,   , truman, 88, blumenthal place, , deniliquin, 2158, vic, 19920406, 34, 08 03662310, 4384580, 7
rec-257-org,   callie, hadaj, 1, angas street, apt 312 the rock wall, karalee, 3020, nsw, 19950527, 20, 08 25549686, 7496339, 7
rec-377-org,   emiily, sedunary, 25, oliver street, , north hobart, 2365, nsw, , , 04 54432501, 9359359, 9
rec-133-org,   carly, mollard, 12, morshead drive, , sanctuary point, 2295, vic, , 32, 02 30522037, 3844819, 8
rec-230-org,   james, clarke, 44, salsola street, , coldstream, 3191, nsw, 19771102, 30, 02 05243551, 4225377, 8
rec-3-org,   samuel, grimm, 14, william webb drive, , somers, 4650, vic, 19310101, , 08 22369058, 9781924, 4
rec-483-org,   samuel, neumann, 12, sturt avenue, , tanjil south, 4211, vic, 19631103, 27, 07 19210449, 5478353, 1
rec-204-org,   max, gibb, 52, madigan street, , st kilda east, 6566, vic, 19720206, 23, 07 92131933, 6373551, 2
rec-417-org,   wilson, bradshaw, 447, osburn drive, , bullsbrook, 4011, vic, 19730520, 21, 03 93756728, 1557397, 5
rec-445-org,   toby, fergus, 1523, tantangara street, eight mile, spearwood, 2753, vic, 19100529, 32, 02 83140268, 8563026, 6
rec-407-org,   darcy, donaldson, 1215, packer street, locn 10045, hendra, 3011, act, 19980901, 33, 04 80567039, 6981298, 1
rec-409-org,   caleb, kasch, 53, bickley close, la trobe university, mooroolbark, 4160, vic, 19671016, 41, 07 85746446, 8301432, 8
rec-213-org,   georgia, mchenry, 7, boolee street, , woodville south, 2043, qld, 19970925, 20, 08 77140288, 2085920, 6
rec-162-org,   danielle, oberdorf, 2, guguru place, rmbh 884, watsonia, 3183, nsw, 19161128, , 02 76767036, 4971183, 3
rec-174-org,   phillip, clarke, 32, grigson place, , toowoomba, 2217, , 19640404, , 04 71669931, 1269300, 6
rec-495-org,   mark, verco, 50, gall place, villa 3, point cook, 3214, qld, 19430823, 22, 04 49590445, 3560445, 5
rec-354-org,   jasmin, coleman, 1, dumas street, , eimeo, 4806, nsw, 19100501, 34, 04 48684855, 9645780, 3
rec-104-org,   jairus, rundle, 117, buderim place, gregory heights, somerset, 3185, nsw, 19911221, 27, 07 55590950, 8799341, 2
rec-376-org,   matisse, dixon, 98, macgregor street, promenade arcade, salisbury, 5606, vic, 19951229, 43, 07 80994156, 8372943, 4
rec-497-org,   amy, fogg, 1, osmand street, byron lodge, westfield, 4870, vic, 19380727, , 03 65584459, 4738065, 5
rec-430-org,   joseph, ferris, 6, hunter street, , dalby, 2582, , 19101026, 22, 03 13621680, 7712913, 8
rec-99-org,   samuel, ziersch, 24, schlich street, little glencoe, carnegie, 2145, sa, 19970421, 26, 04 41810943, 6667382, 3
rec-183-org,   kai, hearn, 1, mcnolty place, , ascot park, 2790, nsw, 19930213, , 07 51829878, 6400318, 8
rec-448-org,   will, gioia, 3, clutterbuck crescent, , clayfield, 2204, wa, 19190210, 41, 03 79258070, 1760125, 5
rec-210-org,   jacob, crook, 1, dore court, lochs, rosetta, 2212, vic, 19060523, 25, 08 87438792, 3663496, 9
rec-472-org,   aidan, george, 156, newmarch place, , mount gravatt, 4870, qld, 19221104, 23, 02 83868009, 6742317, 6
rec-435-org,   alexander, pollidorou, 240, drysdale circuit, , moorine rock, 3585, nsw, 19420920, 23, 07 12544145, 2778328, 8
rec-361-org,   sophie, fogliano, 1, newman morris circuit, , shoalhaven heads, 3942, qld, 19581024, 35, , 2896259, 3
rec-8-org,   emma, brentnall, 17, tenison-woods circuit, , harbord, 2204, qld, 19660319, 30, 07 08626206, 8469691, 2
rec-44-org,   jenna, agius, 1, pankhurst crescent, , altona north, 3084, vic, 19110313, 30, 04 36454123, 6864125, 6
rec-468-org,   liam, , 1, merri place, chilton heights, maryborough, 2148, vic, 19991014, 29, 08 63432850, 3188402, 0
rec-331-org,   chloe, reid, 29, darmody street, , sylvania, 2430, sa, 19860107, 27, 02 24031979, 7141536, 5
rec-446-org,   kirra, nguyen, 563, banambila street, , stockton, 3113, nsw, 19511024, 34, 03 00526974, 8576505, 5
rec-385-org,   riley, nguyen, 18, jinka street, , hahndorf, 2487, nsw, 19421011, 33, 07 88380019, 6668036, 4
rec-198-org,   gianni, weaver, 3, white crescent, , preston, 4871, vic, , 32, 08 63351049, 1070496, 5
rec-470-org,   arabella, sherriff, 36, wylde place, , bunbury, 2550, qld, 19000217, 42, 03 88971248, 3180173, 1
rec-348-org,   shandril, millar, 14, william webb drive, , macgillivray, 2262, nsw, 19820523, 23, 03 60332587, 6776939, 8
rec-95-org,   lara, , 78, trap road, bethel hostel, bondi junction, 2087, vic, 19201003, 27, , 5576299, 5
rec-343-org,   rachel, green, 16, meyers place, , pennant hills, 2749, , 19291204, , 04 65814966, 6953168, 2
rec-248-org,   samuel, trimble, 15, calvert street, , macgregor, 2350, vic, 19160701, 30, , 2023038, 6
rec-146-org,   holly, stephenson, 39, darwinia terrace, , marsden, 3039, nsw, 19370508, 43, 03 97044298, 5187092, 0
rec-255-org,   bailey, costigan, 50, rapanea street, pacific haven, hawthorn, 2145, , 19940914, 29, 02 04122220, 7038724, 7
rec-490-org,   kaitlyn, de savi, 3, auburn street, , turner, , wa, 19880708, 32, 07 81222597, 8159970, 2
rec-125-org,   alexandra, toseland, 29, cunningham street, eellam park, tara, 2700, wa, 19840921, 22, 03 16042799, 8243360, 6
rec-493-org,   alexander, white, 37, namatjira drive, , oakey, 2010, nsw, , 25, 04 11479703, 4047541, 4
rec-239-org,   felicity, , 3, cobbadah street, , spearwood, 4350, nsw, 19970430, 36, 08 99594590, 3305377, 3
rec-332-org,   zachary, zank, 5, katherine avenue, killarney, murray bridge, 2280, nsw, 19721231, 26, , 7461779, 1
rec-212-org,   joshua, reid, 18, sewell place, cranbrook, port pirie, 5277, vic, 19500715, , 03 18127920, 6422189, 3
rec-2-org,   teresa, mccarthy, 133, , , ramsgate, 3806, qld, , 13, 07 05039439, 8583848, 4
rec-305-org,   jazz, britten, 117, streeton drive, star court arcade, taringa, 2285, vic, 19410220, 28, 08 35331311, 5702480, 1
rec-137-org,   emiily, paterson, 201, pandanus street, berkeley village, sunshine, 4503, nsw, 19680510, 29, 04 23268194, 3080153, 7
rec-142-org,   jordyn, berry, 23, torrens street, sec 137, paddington, 3480, nsw, 19691227, 28, 04 40567190, 3322120, 9
rec-60-org,   isaiah, bizjak, 43, smeaton circuit, , clare, 5092, nsw, 19161028, 29, 03 35569705, 6930042, 5
rec-10-org,   liam, boyes, 20, burrinjuck crescent, flr 5 john flynn medical centre, somerton park, 2533, qld, 19820109, , 07 02138491, 2501733, 2
rec-48-org,   ava, kyne, 6, burrinjuck crescent, dirty hollow, whyalla jenkins, 2257, qld, 19970524, 33, 03 36101120, 8969947, 9
rec-157-org,   jacinta, bullock, 5, brittlebank circuit, , ardeer, 2283, nsw, 19050430, 31, 02 13785707, 7623653, 1
rec-16-org,   peter, campbell, 186, bruxner close, , port germein, 2283, vic, , 29, , 9709137, 3
rec-397-org,   chloe, bullock, 28, maclean street, , kotara, 2913, vic, , , 03 76713772, 8060477, 3
rec-203-org,   emiily, subramaniam, 25, warrumbul street, , bomaderry, 4065, , 19560310, 34, 03 95421882, 8176770, 6
rec-487-org,   alessandra, lowe, 1, brand street, , moura, 2153, qld, 19250910, 11, 07 65491366, 7168695, 1
rec-141-org,   bailey, cochrane, 32, beauchamp street, , dowerin, 2042, wa, 19730808, 22, 08 21233938, 2679865, 2
rec-88-org,   gianni, shadbolt, 10, wilsmore crescent, , wingfield, 5125, nsw, 19101004, , 02 44156934, 5999224, 6
rec-338-org,   michael, clarke, 35, mount vernon drive, , cedar pocket, 3214, wa, 19801019, 36, 08 44103908, 4501999, 8
rec-342-org,   hannah, wilkins, , de burgh street, , hay, 2119, vic, 19340425, 32, 07 17162031, 5680378, 0
rec-380-org,   isabelle, gamlin, 3, brigalow street, rajamare, merrimac, 4060, vic, 19381231, 35, 02 00467118, 7718901, 3
rec-359-org,   lauren, white, 10, darcy close, , penshurst, 3146, nsw, , 19, 04 29868859, 2675595, 8
rec-350-org,   lachlan, clarke, 49, ewing street, banksia village, worongary, 2905, nsw, 19450404, 44, 04 66895145, 9939845, 9
rec-252-org,   jessica, colegate, 7, flora place, , kardinya, 5115, vic, 19500413, 34, 03 02113103, 9657455, 7
rec-154-org,   bailey, coleman, 34, rigel place, , alice springs, 4860, tas, 19730206, 20, 07 79918191, 8888180, 2
rec-194-org,   ryan, ryan, 50, jalanga crescent, trevelen, ruse, 4500, , , 36, 08 23189928, 3928028, 0
rec-57-org,   lachlan, ryan, 43, dines place, , ringwood, 5018, wa, 19360122, , 08 75851759, 9579976, 6
rec-386-org,   jessica, gilbertson, 4, stretton crescent, , flagstaff hill, 4207, qld, 19720425, 28, 04 90720096, 9926701, 7
rec-231-org,   jessica, tiller, 104, muresk street, lazy acres, burwood east, 2198, , 19020520, 21, , 1335626, 7
rec-233-org,   alexandra, humphreys, 57, flanagan street, , bull creek, 5108, vic, 19230106, 34, 07 57938322, 7155719, 8
rec-474-org,   emiily, noble, 21, narryer close, fairfield housing bg, st albans, 3723, vic, 19730626, 12, 02 96516471, 1826467, 5
rec-178-org,   chelsea, heidrich, 22, clianthus street, , swan view, 2615, qld, 19030827, 25, 04 16223517, 1710073, 6
rec-75-org,   charlotte, wheatley, 328, may maxwell crescent, , glenwood, 2280, wa, 19650516, 9, 04 25483906, 4811712, 3
rec-429-org,   hanna, manson, 28, postle circuit, binda garden, gundagai, 6018, vic, 19121223, , 03 21354381, 3666133, 9
rec-304-org,   lee, petersen, 88, pridham street, , inglewood, 4064, nsw, 19480109, , 03 68657289, 6562727, 4
rec-232-org,   mackenzi, heron, 3, damala street, ra 156, greenacre, 3150, nsw, 19330214, 30, 02 40990119, 3348274, 5
rec-90-org,   matteus, lavender, 19, forbes street, wandana, sussex inlet, 3250, sa, 19670310, , 02 19688553, 2334191, 8
rec-138-org,   alissa, matthews, 6, brophy street, rockview, mooloolaba, 2121, wa, 19881231, 33, 02 59990389, 8164674, 9
rec-27-org,   deakyn, green, 3, kelleway avenue, , oak flats, 2564, sa, , 33, 03 12985627, 6672412, 6
rec-349-org,   annabel, voroniansky, 25, alawa street, , bonnet bay, 6225, nsw, 19750301, 37, 08 16611736, 6184795, 8
rec-247-org,   crystal, morrish, 46, joyner place, , mount fairy, 3070, nsw, 19250909, 38, , 8612362, 2
rec-124-org,   emiily, collier, 82, fink crescent, wollartukkee, corrimal, 3340, qld, 19960120, 25, 04 07904999, 4839691, 1
rec-412-org,   mackenzie, pyle, 37, daley crescent, , dundas valley, 3805, wa, 19580503, 33, 04 52957821, 3290203, 7
rec-289-org,   charles, dolkens, 23, tompsitt court, , strahan, 5090, qld, 19680115, 21, 02 51349229, 8506568, 1
rec-254-org,   samantha, stanley, , ashley drive, glen na marra, morwell, 3025, vic, , , 08 85148499, 3854685, 0
rec-340-org,   nicole, , 70, thomson street, , caulfield, 3173, sa, 19221227, 32, 03 25497444, 1671573, 2
rec-295-org,   , van hees, 201, mckay street, , coffs harbour, 3840, vic, 19120329, 30, , 9908367, 1
rec-484-org,   elisha, ryan, 10, derrington crescent, , surrey hills, 6153, nsw, 19450703, 22, 03 98397557, 5036801, 3
rec-25-org,   deakyn, pastore, 27, mackellar crescent, , blair athol, 2560, , 19650524, , 08 70205651, 9329901, 4
rec-450-org,   tyler, siviour, 62, , , frankston, 2526, sa, 19740816, 24, 07 47171198, 8742803, 8
rec-102-org,   , mcvicar, 89, cruikshank street, redlands, blacktown, 3338, wa, 19491102, 9, 08 85641564, 9387362, 3
rec-43-org,   claudia, landau, 37, grylls crescent, , gosford east, 2650, qld, 19870930, 33, 03 71947500, 7683214, 0
rec-398-org,   karli, hand, 3, lange place, , moree, 6105, vic, 19050830, , 04 73390164, 1636253, 8
rec-356-org,   jasper, belperio, 18, burgan place, , keysborough, 3121, qld, 19890415, , 08 29351829, 3304380, 3
rec-459-org,   imogen, campbell, 98, bannister garden, brookvale, mount evelyn, 4120, vic, , , 03 40070758, 9962697, 7
rec-19-org,   zali, hare, 37, saltash place, , young, 2478, act, 19370628, 29, 08 20214670, 9319746, 1
rec-192-org,   cameron, grier-smith, 22, port jackson circuit, larook, south grafton, 2067, nsw, 19840125, , 08 12942684, 5345748, 5
rec-81-org,   jacob, green, 7, morgan crescent, bryngola, rossmore, 2756, sa, 19290212, 9, 08 65810866, 1250812, 0
rec-267-org,   alexis, mccarthy, 27, richardson street, , yamba, 2530, tas, 19781011, 22, 02 38564223, 6492031, 3
rec-458-org,   ashleigh, godfrey, 27, garran place, , harden, 3380, , , 32, 08 20189733, 3266539, 5
rec-360-org,   ebony, mazurek, 38, mcgivern crescent, , kellyville, 2120, sa, , 11, , 2141741, 4
rec-221-org,   tara, mccarthy, 2, lumeah street, , putney, 2340, vic, 19700718, 12, 02 66485822, 5607256, 2
rec-313-org,   alexandra, petersen, 1, clift crescent, , ringwood, 4744, nsw, 19970408, 21, , 9206257, 6
rec-364-org,   harrison, varcoe, 24, summerland circuit, , conargo, 2068, wa, 19300523, 30, 08 79914090, 7089446, 6
rec-21-org,   lachlan, spicer, 27, traeger street, , boondall, 3216, vic, 19160509, 26, 03 85701403, 1795325, 1
rec-261-org,   jessica, matthews, 13, fossey street, minalinka, kurrajong heights, 2261, , 19670818, 32, 03 94313793, 8982055, 6
rec-441-org,   sarah, jolly, 6, grounds crescent, wyuna, pinnaroo, 3804, qld, 19060523, 37, 07 42190712, 1652877, 8
rec-41-org,   kirra, leane, 205, dyurra garden, , revesby, 2280, nsw, 19181225, 20, 04 59743986, 7994467, 6
rec-310-org,   jakob, mayer, 10, , , port macquarie, 4163, sa, 19070525, 30, 08 76043535, 2080665, 4
rec-323-org,   kadin, clarke, 164, theodore street, , west perth, 4306, , 19900320, 25, 07 27512160, 4556292, 7
rec-315-org,   liam, eglinton, 40, hann street, , port adelaide, 3023, nsw, 19830608, 39, 03 58300865, 4105973, 9
rec-418-org,   claudia, carbone, 12, haines street, , benowa, 6104, , 19620919, 42, 03 18100415, 3477847, 9
rec-419-org,   liam, nickolai, 20, main close, , yorkeys knob, 4814, nsw, , 38, 08 73677279, 8594470, 7
rec-479-org,   isabelle, schuster, 52, scoble place, , yerrinbool, 5238, wa, 19030220, 28, 08 85641493, 3266746, 1
rec-362-org,   makayla, shepherd, 4, jemalong street, gleneagle, lakemba, , vic, 19140823, , , 9791738, 2
rec-70-org,   lily, dixon, 53, bibb place, , westmead, 7260, vic, 19151018, , 03 50336607, 3152495, 7
rec-392-org,   carly, crook, 105, nicholson crescent, warraberry, theresa creek, 5272, , 19921025, 29, 08 80330655, 6003115, 1
rec-14-org,   benjamin, , 27, mcclelland avenue, family day care, dianella, 4869, nsw, 19241213, 32, 02 55922737, 4932520, 3
rec-116-org,   jacob, boyle, 3, national circuit, , newcomb, 2758, vic, 19501115, 28, 02 51750757, 5509830, 0
rec-86-org,   brooke, garven, 17, coolibah crescent, spring vale, punchbowl, 3058, sa, 19650820, 32, 07 04756690, 8668599, 0
rec-337-org,   stephanie, mcnicholl, 9, pullar place, belmont bayview park, kincumber, 2611, qld, , , 02 69152945, 6041562, 3
rec-373-org,   tabitha, webb, 12, sid barnes crescent, , broulee, 6060, qld, 19721013, 27, 03 95760535, 6540156, 3
rec-184-org,   zachary, green, 121, holden crescent, , toorak, 6230, nsw, 19690718, 11, 03 33160054, 1269900, 8
rec-79-org,   alexandra, mckearney, 78, chowne street, , marmion, 5070, , 19071020, 20, 04 98889835, 9620119, 6
rec-107-org,   harry, green, 33, mount vernon drive, glenbrae, redbank plains, 3060, nsw, 19120805, , 08 52501040, 3464477, 4
rec-160-org,   julia, , 37, nugal place, , elliott, 6060, vic, 19340313, 23, 02 81669966, 9197739, 5
rec-195-org,   chelsea, blake, 35, kidston crescent, , klemzig, 5242, nsw, 19210727, 12, 08 55617386, 1112419, 5
rec-42-org,   grace, lodge, 7, chandler street, nr cnr school art, park orchards, 3875, nsw, 19531117, 34, 07 33259633, 2642815, 2
rec-15-org,   sophie, , 8, couvreur street, flt 68, prospect, 4811, nsw, 19550522, , 03 04157416, 9273652, 6
rec-365-org,   samuel, mikajewski, 42, halfrey circuit, , rockleigh, 6028, nsw, 19410824, 33, 03 31044969, 6625869, 1
rec-168-org,   , dixon, 162, stace place, mini acres, orbost, 4670, vic, 19230427, , 02 06866830, 1685638, 5
rec-465-org,   lachlan, muhsam, 22, lockyer street, , belmont, 6076, , 19661019, 22, 03 25835597, 8981401, 9
rec-83-org,   kayla, de boar, 23, burraly court, northbridge marina, , 6020, wa, 19930208, 33, 03 91702753, 9459451, 3
rec-258-org,   james, vown, 53, jauncey court, , woolgoolga, 2880, nsw, 19450318, 32, 08 88651271, 6083546, 2
rec-369-org,   aleisha, byers, 187, mirrool street, , seven hills, 3162, nsw, 19230810, 21, 03 21145654, 9839925, 2
rec-238-org,   ellen, noble, 11, parkinson street, ocean star villas, casula, 2090, , 19701021, 20, , 1640294, 7
rec-335-org,   madeline, bradshaw, 537, leahy close, , caulfield, 4557, nsw, 19821110, 19, 02 52638157, 4620581, 2
rec-314-org,   juliana, eyles, 59, rose scott circuit, elder lane, keilor east, 4570, nsw, 19520505, 38, 08 97227194, 6387288, 1
rec-22-org,   matthew, scannell, 14, bilby place, , ringwood, 4405, sa, 19990507, 23, 07 38342351, 4487094, 0
rec-63-org,   lilian, mccarthy, 1687, francis street, , mount low, 3820, vic, , 32, 03 45170509, 3818928, 6
rec-432-org,   eliza, royle, 66, vansittart crescent, , maryborough, 2010, sa, 19620426, 26, 07 59814378, 4333123, 0
rec-336-org,   layla, streich, 3, buzacott place, , oakleigh, 2481, sa, 19570328, 36, , 2711325, 6
rec-286-org,   isabella, wilde, 9, nicholson crescent, , kellerberrin, 4737, nsw, 19800817, 28, 03 31961845, 1021867, 7
rec-375-org,   lara, librandi, , laycock place, , cherrybrook, 3042, qld, , 39, 04 68922609, 4778054, 1
rec-219-org,   lucas, bosse, 139, marshall street, , orange, 5021, qld, 19430305, 36, 04 47610832, 8949831, 5
rec-467-org,   oscar, campbell, 44, stopford crescent, , trigg, 6027, vic, , 28, 04 42880409, 9492862, 2
rec-109-org,   paige, green, 9, lansell circuit, , portarlington, 3168, vic, 19320522, 28, 04 32986734, 5670912, 6
rec-35-org,   isaac, hilton, 71, collier street, , mackay south, 2011, vic, 19420911, 33, 08 13462297, 7022848, 3
rec-101-org,   james, haeusler, 7, darling street, raffa estate, rye, 5065, , 19770619, 30, 07 00589695, 6951340, 2
rec-482-org,   toby, kiczurczak, , spensley place, , devonport, 5024, wa, 19280513, 35, 02 90093547, 6660145, 3
rec-260-org,   ruby, roccatti, 5, wattle street, , karoola, 3173, , 19891122, 38, 04 37893696, 6321035, 6
rec-434-org,   bridget, hearn, 236, macgregor street, grandview, centennial park, 6054, vic, 19261122, 32, , 5163022, 9
rec-358-org,   joshua, siviour, 82, , , murray bridge, 3129, , 19920117, , 03 83340409, 6826076, 8
rec-115-org,   carly, coffey, 25, macgregor street, langunyah, abbotsford, 7008, nsw, 19260611, 20, 07 81684289, 5473117, 9
rec-476-org,   matteus, paterson, 26, herschell circuit, roblinvale, yeronga, 2259, vic, 19361108, 28, 07 18773356, 8283794, 0
rec-414-org,   alisha, robson, 129, undoolya street, palm grove, birkdale, 4210, nsw, , 37, 07 35332967, 2889508, 1
rec-130-org,   darcy, priest, 16, james smith circuit, aberglasslyn cottage, mosman, 3556, qld, 19460728, 33, 02 14344677, 6723229, 4
rec-367-org,   hanna, coleman, 21, burdekin avenue, , thornbury, 7253, nsw, 19011024, , 03 13217250, 3938494, 8
rec-114-org,   flynn, campbell, 52, elimatta street, , north haven, 3059, qld, 19251223, 21, 08 46388061, 7068306, 8
rec-451-org,   tara, mcneill, 11, mckeahnie street, , ballarat, 2076, nsw, 19940710, 22, 02 04861416, 1284016, 4
rec-241-org,   elizabeth, dunnicliff, 204, fiaschi street, tingara vlge, mansfield, 4650, nsw, 19350504, 28, 04 22027901, 9651713, 5
